variable,location,support,missing_pct
cloud_3pm,Adelaide,3102,0.9961315280464217
cloud_3pm,Tuggeranong,3010,0.9960132890365448
cloud_3pm,GoldCoast,2992,0.9959893048128342
cloud_3pm,Penrith,2976,0.9959677419354839
cloud_3pm,SalmonGums,2967,0.9959555106167847
cloud_3pm,Witchcliffe,2964,0.9959514170040485
cloud_3pm,Dartmoor,2955,0.9959390862944163
cloud_3pm,NorahHead,2941,0.9959197551853112
cloud_3pm,BadgerysCreek,2940,0.9959183673469387
cloud_3pm,MountGinini,2919,0.9958890030832477
cloud_3pm,Walpole,2831,0.9957612151183327
cloud_3pm,Nhil,1581,0.9924098671726755
cloud_3pm,Richmond,2963,0.8002024974687817
cloud_3pm,Launceston,3040,0.7539473684210526
cloud_3pm,Uluru,1533,0.726027397260274
cloud_3pm,Wollongong,2995,0.5292153589315526
cloud_3pm,Albury,3023,0.5279523652001323
cloud_3pm,Katherine,1571,0.4519414385741566
cloud_3pm,PearceRAAF,2774,0.37022350396539294
cloud_3pm,Canberra,3430,0.36559766763848395
cloud_3pm,Hobart,3200,0.3646875
cloud_3pm,Ballarat,3040,0.3424342105263158
cloud_3pm,Newcastle,2967,0.2898550724637681
cloud_3pm,Nuriootpa,3014,0.2538155275381553
cloud_3pm,Bendigo,3046,0.25180564674983585
cloud_3pm,CoffsHarbour,2965,0.24654300168634063
cloud_3pm,Albany,3028,0.22952443857331573
cloud_3pm,Woomera,3002,0.2171885409726849
cloud_3pm,Williamtown,2565,0.19922027290448344
cloud_3pm,Melbourne,2447,0.19084593379648548
cloud_3pm,Portland,3008,0.17220744680851063
cloud_3pm,Sydney,3349,0.16751269035532995
cloud_3pm,Sale,3012,0.12848605577689243
cloud_3pm,Moree,2866,0.1270062805303559
cloud_3pm,AliceSprings,3043,0.11764705882352941
cloud_3pm,Cobar,3000,0.10033333333333333
cloud_3pm,Townsville,3045,0.08998357963875206
cloud_3pm,Cairns,3000,0.06866666666666667
cloud_3pm,WaggaWagga,2988,0.05287817938420348
cloud_3pm,Mildura,3019,0.049022855250082806
cloud_3pm,MountGambier,3042,0.03550295857988166
cloud_3pm,NorfolkIsland,2976,0.019489247311827957
cloud_3pm,PerthAirport,3021,0.0013240648791790798
cloud_3pm,Perth,3205,0.0012480499219968799
cloud_3pm,Darwin,3204,0.0009363295880149813
cloud_3pm,Brisbane,3173,0.0006303183107469272
cloud_3pm,Watsonia,3011,0.00033211557622052476
cloud_3pm,MelbourneAirport,3021,0.00033101621979476995
cloud_3pm,SydneyAirport,3017,0.0
cloud_9am,Adelaide,3102,0.9961315280464217
cloud_9am,Tuggeranong,3010,0.9960132890365448
cloud_9am,GoldCoast,2992,0.9959893048128342
cloud_9am,Penrith,2976,0.9959677419354839
cloud_9am,SalmonGums,2967,0.9959555106167847
cloud_9am,Witchcliffe,2964,0.9959514170040485
cloud_9am,Dartmoor,2955,0.9959390862944163
cloud_9am,NorahHead,2941,0.9959197551853112
cloud_9am,BadgerysCreek,2940,0.9959183673469387
cloud_9am,MountGinini,2919,0.9958890030832477
cloud_9am,Walpole,2831,0.9957612151183327
cloud_9am,Nhil,1581,0.9924098671726755
cloud_9am,Richmond,2963,0.7924400944988188
cloud_9am,Uluru,1533,0.771689497716895
cloud_9am,Launceston,3040,0.7592105263157894
cloud_9am,Albury,3023,0.5719483956334767
cloud_9am,Wollongong,2995,0.5545909849749583
cloud_9am,Hobart,3200,0.363125
cloud_9am,PearceRAAF,2774,0.3410237923576063
cloud_9am,Bendigo,3046,0.3164806303348654
cloud_9am,Canberra,3430,0.3107871720116618
cloud_9am,CoffsHarbour,2965,0.25834738617200675
cloud_9am,Ballarat,3040,0.17894736842105263
cloud_9am,Williamtown,2565,0.17855750487329436
cloud_9am,Sydney,3349,0.16900567333532399
cloud_9am,Moree,2866,0.16852756454989531
cloud_9am,Melbourne,2447,0.16591744993870045
cloud_9am,Portland,3008,0.13597074468085107
cloud_9am,Cobar,3000,0.123
cloud_9am,Woomera,3002,0.12091938707528314
cloud_9am,Sale,3012,0.11786188579017265
cloud_9am,AliceSprings,3043,0.10910285902070326
cloud_9am,WaggaWagga,2988,0.06927710843373494
cloud_9am,Cairns,3000,0.06166666666666667
cloud_9am,Newcastle,2967,0.06100438153016515
cloud_9am,Townsville,3045,0.05648604269293925
cloud_9am,Nuriootpa,3014,0.04213669542136696
cloud_9am,MountGambier,3042,0.034845496383957925
cloud_9am,Mildura,3019,0.02782378270950646
cloud_9am,Katherine,1571,0.023551877784850413
cloud_9am,NorfolkIsland,2976,0.02049731182795699
cloud_9am,Albany,3028,0.011558784676354029
cloud_9am,SydneyAirport,3017,0.001325820351342393
cloud_9am,PerthAirport,3021,0.0006620324395895399
cloud_9am,Perth,3205,0.0006240249609984399
cloud_9am,Brisbane,3173,0.0003151591553734636
cloud_9am,Darwin,3204,0.00031210986267166043
cloud_9am,MelbourneAirport,3021,0.0
cloud_9am,Watsonia,3011,0.0
evaporation,Ballarat,3040,0.9960526315789474
evaporation,Albury,3023,0.9960304333443599
evaporation,Tuggeranong,3010,0.9960132890365448
evaporation,Wollongong,2995,0.9959933222036728
evaporation,GoldCoast,2992,0.9959893048128342
evaporation,Penrith,2976,0.9959677419354839
evaporation,Newcastle,2967,0.9959555106167847
evaporation,SalmonGums,2967,0.9959555106167847
evaporation,Witchcliffe,2964,0.9959514170040485
evaporation,NorahHead,2941,0.9959197551853112
evaporation,BadgerysCreek,2940,0.9959183673469387
evaporation,MountGinini,2919,0.9958890030832477
evaporation,Walpole,2831,0.9957612151183327
evaporation,PearceRAAF,2774,0.9956741167988464
evaporation,Nhil,1581,0.9924098671726755
evaporation,Uluru,1533,0.9921722113502935
evaporation,Launceston,3040,0.9496710526315789
evaporation,Bendigo,3046,0.6070256073539068
evaporation,Canberra,3430,0.4650145772594752
evaporation,Adelaide,3102,0.4645390070921986
evaporation,Richmond,2963,0.45730678366520416
evaporation,CoffsHarbour,2965,0.39527824620573354
evaporation,Sale,3012,0.38711819389110225
evaporation,Williamtown,2565,0.2990253411306043
evaporation,Moree,2866,0.21563154221912073
evaporation,Woomera,3002,0.1419053964023984
evaporation,Dartmoor,2955,0.13807106598984772
evaporation,Portland,3008,0.13530585106382978
evaporation,MountGambier,3042,0.13149243918474687
evaporation,Cairns,3000,0.11366666666666667
evaporation,Cobar,3000,0.10966666666666666
evaporation,Albany,3028,0.09247027741083223
evaporation,NorfolkIsland,2976,0.06989247311827956
evaporation,AliceSprings,3043,0.06933946763062768
evaporation,Katherine,1571,0.0547422024188415
evaporation,WaggaWagga,2988,0.04116465863453815
evaporation,Nuriootpa,3014,0.0404777704047777
evaporation,Mildura,3019,0.03875455448824114
evaporation,Townsville,3045,0.02922824302134647
evaporation,Darwin,3204,0.016853932584269662
evaporation,SydneyAirport,3017,0.015246934040437522
evaporation,Sydney,3349,0.015228426395939087
evaporation,Brisbane,3173,0.005988023952095809
evaporation,Hobart,3200,0.0021875
evaporation,Watsonia,3011,0.0009963467286615742
evaporation,MelbourneAirport,3021,0.0009930486593843098
evaporation,PerthAirport,3021,0.00033101621979476995
evaporation,Perth,3205,0.00031201248049921997
evaporation,Melbourne,2447,0.0
humidity_3pm,Katherine,1571,0.5232336091661363
humidity_3pm,Newcastle,2967,0.2915402763734412
humidity_3pm,Albany,3028,0.2311756935270806
humidity_3pm,MountGinini,2919,0.08564576909900651
humidity_3pm,Witchcliffe,2964,0.07860998650472335
humidity_3pm,Dartmoor,2955,0.05482233502538071
humidity_3pm,Cobar,3000,0.03833333333333333
humidity_3pm,Penrith,2976,0.019489247311827957
humidity_3pm,Richmond,2963,0.015524805939925751
humidity_3pm,Walpole,2831,0.012009890498057224
humidity_3pm,BadgerysCreek,2940,0.01054421768707483
humidity_3pm,Woomera,3002,0.008660892738174551
humidity_3pm,PearceRAAF,2774,0.008651766402307137
humidity_3pm,Wollongong,2995,0.006010016694490818
humidity_3pm,Sale,3012,0.0049800796812749
humidity_3pm,NorahHead,2941,0.0047602856171370285
humidity_3pm,Portland,3008,0.004321808510638298
humidity_3pm,Nuriootpa,3014,0.0043132050431320505
humidity_3pm,Hobart,3200,0.0040625
humidity_3pm,CoffsHarbour,2965,0.004047217537942664
humidity_3pm,Sydney,3349,0.003881755747984473
humidity_3pm,Tuggeranong,3010,0.003654485049833887
humidity_3pm,Canberra,3430,0.003498542274052478
humidity_3pm,GoldCoast,2992,0.0033422459893048127
humidity_3pm,MountGambier,3042,0.003287310979618672
humidity_3pm,MelbourneAirport,3021,0.0029791459781529296
humidity_3pm,Melbourne,2447,0.0028606456885982836
humidity_3pm,Brisbane,3173,0.0028364323983611725
humidity_3pm,Williamtown,2565,0.0027290448343079924
humidity_3pm,Perth,3205,0.0024960998439937598
humidity_3pm,Launceston,3040,0.002302631578947368
humidity_3pm,Ballarat,3040,0.001973684210526316
humidity_3pm,Moree,2866,0.0017445917655268667
humidity_3pm,AliceSprings,3043,0.001643115346697338
humidity_3pm,Adelaide,3102,0.0016118633139909735
humidity_3pm,SydneyAirport,3017,0.001325820351342393
humidity_3pm,Mildura,3019,0.001324942033786022
humidity_3pm,Albury,3023,0.0013231888852133643
humidity_3pm,SalmonGums,2967,0.0010111223458038423
humidity_3pm,NorfolkIsland,2976,0.0006720430107526882
humidity_3pm,Uluru,1533,0.0006523157208088715
humidity_3pm,Darwin,3204,0.0006242197253433209
humidity_3pm,PerthAirport,3021,0.00033101621979476995
humidity_3pm,Bendigo,3046,0.00032829940906106366
humidity_3pm,Cairns,3000,0.0
humidity_3pm,Nhil,1581,0.0
humidity_3pm,Townsville,3045,0.0
humidity_3pm,WaggaWagga,2988,0.0
humidity_3pm,Watsonia,3011,0.0
humidity_9am,MountGinini,2919,0.12983898595409388
humidity_9am,Witchcliffe,2964,0.08063427800269905
humidity_9am,Newcastle,2967,0.06066734074823053
humidity_9am,Dartmoor,2955,0.05583756345177665
humidity_9am,Katherine,1571,0.049013367281986
humidity_9am,Cobar,3000,0.038
humidity_9am,Penrith,2976,0.025201612903225805
humidity_9am,Canberra,3430,0.017784256559766762
humidity_9am,Portland,3008,0.016289893617021278
humidity_9am,Richmond,2963,0.01619979750253122
humidity_9am,Albany,3028,0.015191545574636724
humidity_9am,Walpole,2831,0.012363122571529495
humidity_9am,BadgerysCreek,2940,0.009863945578231292
humidity_9am,Wollongong,2995,0.007345575959933222
humidity_9am,Ballarat,3040,0.006907894736842105
humidity_9am,Tuggeranong,3010,0.006644518272425249
humidity_9am,Sale,3012,0.0063081009296148734
humidity_9am,PearceRAAF,2774,0.0061283345349675555
humidity_9am,NorahHead,2941,0.005780346820809248
humidity_9am,Woomera,3002,0.0043304463690872754
humidity_9am,Watsonia,3011,0.004317502490866822
humidity_9am,Sydney,3349,0.0041803523439832785
humidity_9am,MountGambier,3042,0.003616042077580539
humidity_9am,GoldCoast,2992,0.0033422459893048127
humidity_9am,Nuriootpa,3014,0.0033178500331785005
humidity_9am,Hobart,3200,0.003125
humidity_9am,Perth,3205,0.0028081123244929796
humidity_9am,Williamtown,2565,0.0027290448343079924
humidity_9am,MelbourneAirport,3021,0.0026481297583581596
humidity_9am,CoffsHarbour,2965,0.002360876897133221
humidity_9am,Uluru,1533,0.0019569471624266144
humidity_9am,NorfolkIsland,2976,0.0016801075268817205
humidity_9am,Bendigo,3046,0.0016414970453053185
humidity_9am,Adelaide,3102,0.0016118633139909735
humidity_9am,Moree,2866,0.0013956734124214933
humidity_9am,Albury,3023,0.0013231888852133643
humidity_9am,Launceston,3040,0.0013157894736842105
humidity_9am,Melbourne,2447,0.0012259910093992644
humidity_9am,WaggaWagga,2988,0.001004016064257028
humidity_9am,Mildura,3019,0.0009937065253395165
humidity_9am,AliceSprings,3043,0.000985869208018403
humidity_9am,SalmonGums,2967,0.0006740815638692282
humidity_9am,SydneyAirport,3017,0.0006629101756711965
humidity_9am,Brisbane,3173,0.0006303183107469272
humidity_9am,Darwin,3204,0.00031210986267166043
humidity_9am,Cairns,3000,0.0
humidity_9am,Nhil,1581,0.0
humidity_9am,PerthAirport,3021,0.0
humidity_9am,Townsville,3045,0.0
max_temp,Newcastle,2967,0.053926525109538256
max_temp,Katherine,1571,0.014003819223424571
max_temp,Albany,3028,0.010568031704095112
max_temp,PearceRAAF,2774,0.005767844268204758
max_temp,MountGinini,2919,0.004796163069544364
max_temp,Walpole,2831,0.002472624514305899
max_temp,Nuriootpa,3014,0.00232249502322495
max_temp,Richmond,2963,0.0020249746878164025
max_temp,CoffsHarbour,2965,0.002023608768971332
max_temp,NorahHead,2941,0.0017001020061203672
max_temp,Witchcliffe,2964,0.0016869095816464238
max_temp,SalmonGums,2967,0.0013481631277384564
max_temp,Brisbane,3173,0.0012606366214938543
max_temp,Williamtown,2565,0.0011695906432748538
max_temp,BadgerysCreek,2940,0.0010204081632653062
max_temp,Wollongong,2995,0.001001669449081803
max_temp,Launceston,3040,0.000986842105263158
max_temp,Canberra,3430,0.0008746355685131195
max_temp,Woomera,3002,0.0006662225183211193
max_temp,Adelaide,3102,0.0006447453255963894
max_temp,Sydney,3349,0.0005971931919976113
max_temp,Melbourne,2447,0.0004086636697997548
max_temp,GoldCoast,2992,0.00033422459893048126
max_temp,Cobar,3000,0.0003333333333333333
max_temp,Portland,3008,0.0003324468085106383
max_temp,Tuggeranong,3010,0.0003322259136212625
max_temp,Sale,3012,0.00033200531208499334
max_temp,Albury,3023,0.0003307972213033411
max_temp,Ballarat,3040,0.0003289473684210526
max_temp,MountGambier,3042,0.0003287310979618672
max_temp,AliceSprings,3043,0.00032862306933946765
max_temp,Bendigo,3046,0.00032829940906106366
max_temp,Hobart,3200,0.0003125
max_temp,Perth,3205,0.00031201248049921997
max_temp,Cairns,3000,0.0
max_temp,Dartmoor,2955,0.0
max_temp,Darwin,3204,0.0
max_temp,MelbourneAirport,3021,0.0
max_temp,Mildura,3019,0.0
max_temp,Moree,2866,0.0
max_temp,Nhil,1581,0.0
max_temp,NorfolkIsland,2976,0.0
max_temp,Penrith,2976,0.0
max_temp,PerthAirport,3021,0.0
max_temp,SydneyAirport,3017,0.0
max_temp,Townsville,3045,0.0
max_temp,Uluru,1533,0.0
max_temp,WaggaWagga,2988,0.0
max_temp,Watsonia,3011,0.0
min_temp,Newcastle,2967,0.09639366363329963
min_temp,Katherine,1571,0.028007638446849142
min_temp,MountGinini,2919,0.019527235354573486
min_temp,Albany,3028,0.019484808454425365
min_temp,PearceRAAF,2774,0.007930785868781542
min_temp,Walpole,2831,0.0042387848816672555
min_temp,BadgerysCreek,2940,0.004081632653061225
min_temp,Richmond,2963,0.004049949375632805
min_temp,Wollongong,2995,0.003672787979966611
min_temp,Nuriootpa,3014,0.0036496350364963502
min_temp,NorahHead,2941,0.0034002040122407345
min_temp,Penrith,2976,0.003360215053763441
min_temp,Portland,3008,0.0029920212765957447
min_temp,Witchcliffe,2964,0.002699055330634278
min_temp,SalmonGums,2967,0.0023592854735422987
min_temp,Dartmoor,2955,0.0020304568527918783
min_temp,Watsonia,3011,0.0019926934573231483
min_temp,Albury,3023,0.0019847833278200462
min_temp,Uluru,1533,0.0019569471624266144
min_temp,Brisbane,3173,0.0018909549322407816
min_temp,Canberra,3430,0.0014577259475218659
min_temp,Cobar,3000,0.0013333333333333333
min_temp,Woomera,3002,0.0013324450366422385
min_temp,Launceston,3040,0.000986842105263158
min_temp,Sydney,3349,0.0008957897879964168
min_temp,Moree,2866,0.0006978367062107466
min_temp,CoffsHarbour,2965,0.0006745362563237774
min_temp,Townsville,3045,0.0006568144499178982
min_temp,Adelaide,3102,0.0006447453255963894
min_temp,Melbourne,2447,0.0004086636697997548
min_temp,Williamtown,2565,0.0003898635477582846
min_temp,NorfolkIsland,2976,0.0003360215053763441
min_temp,GoldCoast,2992,0.00033422459893048126
min_temp,Cairns,3000,0.0003333333333333333
min_temp,Tuggeranong,3010,0.0003322259136212625
min_temp,Sale,3012,0.00033200531208499334
min_temp,SydneyAirport,3017,0.00033145508783559825
min_temp,Ballarat,3040,0.0003289473684210526
min_temp,MountGambier,3042,0.0003287310979618672
min_temp,AliceSprings,3043,0.00032862306933946765
min_temp,Bendigo,3046,0.00032829940906106366
min_temp,Darwin,3204,0.00031210986267166043
min_temp,Hobart,3200,0.0
min_temp,MelbourneAirport,3021,0.0
min_temp,Mildura,3019,0.0
min_temp,Nhil,1581,0.0
min_temp,Perth,3205,0.0
min_temp,PerthAirport,3021,0.0
min_temp,WaggaWagga,2988,0.0
pressure_3pm,Penrith,2976,0.9959677419354839
pressure_3pm,Newcastle,2967,0.9959555106167847
pressure_3pm,SalmonGums,2967,0.9959555106167847
pressure_3pm,MountGinini,2919,0.9958890030832477
pressure_3pm,Launceston,3040,0.3769736842105263
pressure_3pm,CoffsHarbour,2965,0.08971332209106239
pressure_3pm,Canberra,3430,0.0641399416909621
pressure_3pm,BadgerysCreek,2940,0.050340136054421766
pressure_3pm,Witchcliffe,2964,0.044534412955465584
pressure_3pm,PearceRAAF,2774,0.008651766402307137
pressure_3pm,Cobar,3000,0.008333333333333333
pressure_3pm,Albany,3028,0.007926023778071334
pressure_3pm,Ballarat,3040,0.007894736842105263
pressure_3pm,Richmond,2963,0.0077624029699628755
pressure_3pm,Wollongong,2995,0.006343906510851419
pressure_3pm,Sydney,3349,0.005673335323977307
pressure_3pm,Sale,3012,0.0049800796812749
pressure_3pm,Woomera,3002,0.004663557628247834
pressure_3pm,Williamtown,2565,0.0035087719298245615
pressure_3pm,Portland,3008,0.003324468085106383
pressure_3pm,Tuggeranong,3010,0.0033222591362126247
pressure_3pm,Katherine,1571,0.003182686187141948
pressure_3pm,Bendigo,3046,0.002954694681549573
pressure_3pm,NorahHead,2941,0.0027201632097925877
pressure_3pm,Nuriootpa,3014,0.0026542800265428003
pressure_3pm,Adelaide,3102,0.002256608639587363
pressure_3pm,MountGambier,3042,0.001643655489809336
pressure_3pm,Albury,3023,0.0013231888852133643
pressure_3pm,Melbourne,2447,0.0012259910093992644
pressure_3pm,SydneyAirport,3017,0.0009943652635067948
pressure_3pm,AliceSprings,3043,0.000985869208018403
pressure_3pm,Walpole,2831,0.0007064641469445425
pressure_3pm,Dartmoor,2955,0.0006768189509306261
pressure_3pm,NorfolkIsland,2976,0.0006720430107526882
pressure_3pm,Mildura,3019,0.000662471016893011
pressure_3pm,Uluru,1533,0.0006523157208088715
pressure_3pm,Brisbane,3173,0.0006303183107469272
pressure_3pm,Darwin,3204,0.0006242197253433209
pressure_3pm,Moree,2866,0.0003489183531053733
pressure_3pm,PerthAirport,3021,0.00033101621979476995
pressure_3pm,Hobart,3200,0.0003125
pressure_3pm,Perth,3205,0.00031201248049921997
pressure_3pm,Cairns,3000,0.0
pressure_3pm,GoldCoast,2992,0.0
pressure_3pm,MelbourneAirport,3021,0.0
pressure_3pm,Nhil,1581,0.0
pressure_3pm,Townsville,3045,0.0
pressure_3pm,WaggaWagga,2988,0.0
pressure_3pm,Watsonia,3011,0.0
pressure_9am,Penrith,2976,0.9959677419354839
pressure_9am,Newcastle,2967,0.9959555106167847
pressure_9am,SalmonGums,2967,0.9959555106167847
pressure_9am,MountGinini,2919,0.9958890030832477
pressure_9am,Launceston,3040,0.3769736842105263
pressure_9am,CoffsHarbour,2965,0.0893760539629005
pressure_9am,Canberra,3430,0.0653061224489796
pressure_9am,BadgerysCreek,2940,0.04863945578231293
pressure_9am,Witchcliffe,2964,0.04487179487179487
pressure_9am,Wollongong,2995,0.01669449081803005
pressure_9am,Cobar,3000,0.009
pressure_9am,Albany,3028,0.008256274768824307
pressure_9am,Ballarat,3040,0.007894736842105263
pressure_9am,Richmond,2963,0.006749915626054675
pressure_9am,PearceRAAF,2774,0.006488824801730353
pressure_9am,Sydney,3349,0.005971931919976112
pressure_9am,Tuggeranong,3010,0.0049833887043189366
pressure_9am,Sale,3012,0.004648074369189907
pressure_9am,Bendigo,3046,0.004596191726854892
pressure_9am,NorahHead,2941,0.004080244814688882
pressure_9am,Portland,3008,0.003989361702127659
pressure_9am,Williamtown,2565,0.003898635477582846
pressure_9am,Woomera,3002,0.0036642238507661557
pressure_9am,NorfolkIsland,2976,0.002688172043010753
pressure_9am,SydneyAirport,3017,0.002651640702684786
pressure_9am,Adelaide,3102,0.0025789813023855577
pressure_9am,Nuriootpa,3014,0.00232249502322495
pressure_9am,Uluru,1533,0.0019569471624266144
pressure_9am,Mildura,3019,0.001324942033786022
pressure_9am,Walpole,2831,0.0007064641469445425
pressure_9am,PerthAirport,3021,0.0006620324395895399
pressure_9am,Katherine,1571,0.0006365372374283895
pressure_9am,Melbourne,2447,0.0004086636697997548
pressure_9am,Dartmoor,2955,0.00033840947546531303
pressure_9am,MountGambier,3042,0.0003287310979618672
pressure_9am,AliceSprings,3043,0.00032862306933946765
pressure_9am,Hobart,3200,0.0003125
pressure_9am,Darwin,3204,0.00031210986267166043
pressure_9am,Perth,3205,0.00031201248049921997
pressure_9am,Albury,3023,0.0
pressure_9am,Brisbane,3173,0.0
pressure_9am,Cairns,3000,0.0
pressure_9am,GoldCoast,2992,0.0
pressure_9am,MelbourneAirport,3021,0.0
pressure_9am,Moree,2866,0.0
pressure_9am,Nhil,1581,0.0
pressure_9am,Townsville,3045,0.0
pressure_9am,WaggaWagga,2988,0.0
pressure_9am,Watsonia,3011,0.0
rain_today,Williamtown,2565,0.06900584795321638
rain_today,Melbourne,2447,0.05598692276256641
rain_today,PearceRAAF,2774,0.0418168709444845
rain_today,MountGinini,2919,0.03117505995203837
rain_today,Adelaide,3102,0.02256608639587363
rain_today,Moree,2866,0.02198185624563852
rain_today,GoldCoast,2992,0.01871657754010695
rain_today,Penrith,2976,0.017809139784946238
rain_today,BadgerysCreek,2940,0.017346938775510204
rain_today,Walpole,2831,0.017308371600141294
rain_today,Richmond,2963,0.015187310158623017
rain_today,NorahHead,2941,0.01394083645018701
rain_today,Wollongong,2995,0.01335559265442404
rain_today,Tuggeranong,3010,0.012956810631229236
rain_today,Uluru,1533,0.012393998695368558
rain_today,Witchcliffe,2964,0.009446693657219974
rain_today,Brisbane,3173,0.009139615505830444
rain_today,Katherine,1571,0.008911521323997454
rain_today,Newcastle,2967,0.008763060330299966
rain_today,Cairns,3000,0.008
rain_today,NorfolkIsland,2976,0.006720430107526882
rain_today,Albury,3023,0.006615944426066821
rain_today,Albany,3028,0.0066050198150594455
rain_today,WaggaWagga,2988,0.006024096385542169
rain_today,SalmonGums,2967,0.0047185709470845974
rain_today,Canberra,3430,0.004664723032069971
rain_today,CoffsHarbour,2965,0.004384485666104553
rain_today,Portland,3008,0.003989361702127659
rain_today,Ballarat,3040,0.003618421052631579
rain_today,Watsonia,3011,0.0029890401859847225
rain_today,Cobar,3000,0.0026666666666666666
rain_today,Sale,3012,0.0026560424966799467
rain_today,Launceston,3040,0.002631578947368421
rain_today,MountGambier,3042,0.0026298487836949377
rain_today,Nhil,1581,0.002530044275774826
rain_today,Woomera,3002,0.001998667554963358
rain_today,Nuriootpa,3014,0.0019907100199071004
rain_today,AliceSprings,3043,0.001971738416036806
rain_today,Townsville,3045,0.0019704433497536944
rain_today,Sydney,3349,0.0017915795759928337
rain_today,Hobart,3200,0.0015625
rain_today,Dartmoor,2955,0.0013536379018612521
rain_today,SydneyAirport,3017,0.001325820351342393
rain_today,Bendigo,3046,0.0013131976362442547
rain_today,Mildura,3019,0.000662471016893011
rain_today,Darwin,3204,0.0
rain_today,MelbourneAirport,3021,0.0
rain_today,Perth,3205,0.0
rain_today,PerthAirport,3021,0.0
rainfall,Williamtown,2565,0.06900584795321638
rainfall,Melbourne,2447,0.05598692276256641
rainfall,PearceRAAF,2774,0.0418168709444845
rainfall,MountGinini,2919,0.03117505995203837
rainfall,Adelaide,3102,0.02256608639587363
rainfall,Moree,2866,0.02198185624563852
rainfall,GoldCoast,2992,0.01871657754010695
rainfall,Penrith,2976,0.017809139784946238
rainfall,BadgerysCreek,2940,0.017346938775510204
rainfall,Walpole,2831,0.017308371600141294
rainfall,Richmond,2963,0.015187310158623017
rainfall,NorahHead,2941,0.01394083645018701
rainfall,Wollongong,2995,0.01335559265442404
rainfall,Tuggeranong,3010,0.012956810631229236
rainfall,Uluru,1533,0.012393998695368558
rainfall,Witchcliffe,2964,0.009446693657219974
rainfall,Brisbane,3173,0.009139615505830444
rainfall,Katherine,1571,0.008911521323997454
rainfall,Newcastle,2967,0.008763060330299966
rainfall,Cairns,3000,0.008
rainfall,NorfolkIsland,2976,0.006720430107526882
rainfall,Albury,3023,0.006615944426066821
rainfall,Albany,3028,0.0066050198150594455
rainfall,WaggaWagga,2988,0.006024096385542169
rainfall,SalmonGums,2967,0.0047185709470845974
rainfall,Canberra,3430,0.004664723032069971
rainfall,CoffsHarbour,2965,0.004384485666104553
rainfall,Portland,3008,0.003989361702127659
rainfall,Ballarat,3040,0.003618421052631579
rainfall,Watsonia,3011,0.0029890401859847225
rainfall,Cobar,3000,0.0026666666666666666
rainfall,Sale,3012,0.0026560424966799467
rainfall,Launceston,3040,0.002631578947368421
rainfall,MountGambier,3042,0.0026298487836949377
rainfall,Nhil,1581,0.002530044275774826
rainfall,Woomera,3002,0.001998667554963358
rainfall,Nuriootpa,3014,0.0019907100199071004
rainfall,AliceSprings,3043,0.001971738416036806
rainfall,Townsville,3045,0.0019704433497536944
rainfall,Sydney,3349,0.0017915795759928337
rainfall,Hobart,3200,0.0015625
rainfall,Dartmoor,2955,0.0013536379018612521
rainfall,SydneyAirport,3017,0.001325820351342393
rainfall,Bendigo,3046,0.0013131976362442547
rainfall,Mildura,3019,0.000662471016893011
rainfall,Darwin,3204,0.0
rainfall,MelbourneAirport,3021,0.0
rainfall,Perth,3205,0.0
rainfall,PerthAirport,3021,0.0
sunshine,Bendigo,3046,0.9960604070912672
sunshine,Ballarat,3040,0.9960526315789474
sunshine,Launceston,3040,0.9960526315789474
sunshine,Albury,3023,0.9960304333443599
sunshine,Tuggeranong,3010,0.9960132890365448
sunshine,Wollongong,2995,0.9959933222036728
sunshine,GoldCoast,2992,0.9959893048128342
sunshine,Penrith,2976,0.9959677419354839
sunshine,Newcastle,2967,0.9959555106167847
sunshine,SalmonGums,2967,0.9959555106167847
sunshine,Witchcliffe,2964,0.9959514170040485
sunshine,Richmond,2963,0.9959500506243671
sunshine,NorahHead,2941,0.9959197551853112
sunshine,BadgerysCreek,2940,0.9959183673469387
sunshine,MountGinini,2919,0.9958890030832477
sunshine,Walpole,2831,0.9957612151183327
sunshine,Nhil,1581,0.9924098671726755
sunshine,Katherine,1571,0.9923615531508593
sunshine,Uluru,1533,0.9921722113502935
sunshine,Cobar,3000,0.8126666666666666
sunshine,Canberra,3430,0.5556851311953352
sunshine,CoffsHarbour,2965,0.49308600337268127
sunshine,Williamtown,2565,0.4686159844054581
sunshine,Adelaide,3102,0.44874274661508706
sunshine,Sale,3012,0.39243027888446214
sunshine,Woomera,3002,0.32878081279147237
sunshine,Moree,2866,0.27948360083740403
sunshine,AliceSprings,3043,0.16792638843246796
sunshine,Albany,3028,0.16710700132100395
sunshine,Dartmoor,2955,0.14957698815566836
sunshine,Portland,3008,0.1466090425531915
sunshine,MountGambier,3042,0.1423405654174885
sunshine,Cairns,3000,0.142
sunshine,Townsville,3045,0.13694581280788176
sunshine,WaggaWagga,2988,0.13420348058902276
sunshine,NorfolkIsland,2976,0.13239247311827956
sunshine,Nuriootpa,3014,0.05209024552090245
sunshine,Mildura,3019,0.04372308711493872
sunshine,Brisbane,3173,0.015127639457926252
sunshine,SydneyAirport,3017,0.005303281405369572
sunshine,Sydney,3349,0.00477754553598089
sunshine,Hobart,3200,0.004375
sunshine,PearceRAAF,2774,0.001802451333813987
sunshine,PerthAirport,3021,0.0016550810989738498
sunshine,Perth,3205,0.0015600624024961
sunshine,Darwin,3204,0.0009363295880149813
sunshine,Melbourne,2447,0.0004086636697997548
sunshine,Watsonia,3011,0.00033211557622052476
sunshine,MelbourneAirport,3021,0.00033101621979476995
temp_3pm,Katherine,1571,0.4519414385741566
temp_3pm,Newcastle,2967,0.2895180316818335
temp_3pm,Albany,3028,0.22985468956406868
temp_3pm,MountGinini,2919,0.08016443987667009
temp_3pm,Richmond,2963,0.009449881876476544
temp_3pm,PearceRAAF,2774,0.00829127613554434
temp_3pm,BadgerysCreek,2940,0.006802721088435374
temp_3pm,Wollongong,2995,0.005676126878130217
temp_3pm,NorahHead,2941,0.004420265215912955
temp_3pm,Portland,3008,0.003989361702127659
temp_3pm,Tuggeranong,3010,0.003654485049833887
temp_3pm,Penrith,2976,0.003360215053763441
temp_3pm,Brisbane,3173,0.0028364323983611725
temp_3pm,Nuriootpa,3014,0.00232249502322495
temp_3pm,Launceston,3040,0.002302631578947368
temp_3pm,Canberra,3430,0.0020408163265306124
temp_3pm,Cobar,3000,0.002
temp_3pm,Ballarat,3040,0.001644736842105263
temp_3pm,MountGambier,3042,0.001643655489809336
temp_3pm,Melbourne,2447,0.0016346546791990192
temp_3pm,CoffsHarbour,2965,0.0013490725126475548
temp_3pm,Albury,3023,0.0013231888852133643
temp_3pm,Adelaide,3102,0.0012894906511927789
temp_3pm,Sydney,3349,0.0011943863839952225
temp_3pm,SalmonGums,2967,0.0010111223458038423
temp_3pm,Woomera,3002,0.000999333777481679
temp_3pm,Williamtown,2565,0.0007797270955165692
temp_3pm,Walpole,2831,0.0007064641469445425
temp_3pm,NorfolkIsland,2976,0.0006720430107526882
temp_3pm,AliceSprings,3043,0.0006572461386789353
temp_3pm,Uluru,1533,0.0006523157208088715
temp_3pm,Hobart,3200,0.000625
temp_3pm,Darwin,3204,0.0006242197253433209
temp_3pm,Dartmoor,2955,0.00033840947546531303
temp_3pm,Witchcliffe,2964,0.00033738191632928474
temp_3pm,Sale,3012,0.00033200531208499334
temp_3pm,SydneyAirport,3017,0.00033145508783559825
temp_3pm,Mildura,3019,0.0003312355084465055
temp_3pm,PerthAirport,3021,0.00033101621979476995
temp_3pm,Bendigo,3046,0.00032829940906106366
temp_3pm,Perth,3205,0.00031201248049921997
temp_3pm,Cairns,3000,0.0
temp_3pm,GoldCoast,2992,0.0
temp_3pm,MelbourneAirport,3021,0.0
temp_3pm,Moree,2866,0.0
temp_3pm,Nhil,1581,0.0
temp_3pm,Townsville,3045,0.0
temp_3pm,WaggaWagga,2988,0.0
temp_3pm,Watsonia,3011,0.0
temp_9am,MountGinini,2919,0.12401507365536142
temp_9am,Newcastle,2967,0.058982136838557464
temp_9am,Katherine,1571,0.0241884150222788
temp_9am,Portland,3008,0.015957446808510637
temp_9am,Albany,3028,0.011889035667107
temp_9am,Richmond,2963,0.009787377657779277
temp_9am,Wollongong,2995,0.007345575959933222
temp_9am,Tuggeranong,3010,0.006644518272425249
temp_9am,Penrith,2976,0.006384408602150538
temp_9am,NorahHead,2941,0.005780346820809248
temp_9am,BadgerysCreek,2940,0.005442176870748299
temp_9am,PearceRAAF,2774,0.005407354001441961
temp_9am,Canberra,3430,0.004956268221574344
temp_9am,Watsonia,3011,0.004317502490866822
temp_9am,Ballarat,3040,0.003947368421052632
temp_9am,Cobar,3000,0.002
temp_9am,Uluru,1533,0.0019569471624266144
temp_9am,NorfolkIsland,2976,0.0016801075268817205
temp_9am,Nuriootpa,3014,0.0016589250165892503
temp_9am,Adelaide,3102,0.0016118633139909735
temp_9am,Williamtown,2565,0.0015594541910331384
temp_9am,Albury,3023,0.0013231888852133643
temp_9am,Launceston,3040,0.0013157894736842105
temp_9am,Sydney,3349,0.0011943863839952225
temp_9am,Witchcliffe,2964,0.0010121457489878543
temp_9am,CoffsHarbour,2965,0.001011804384485666
temp_9am,Melbourne,2447,0.0008173273395995096
temp_9am,Walpole,2831,0.0007064641469445425
temp_9am,Dartmoor,2955,0.0006768189509306261
temp_9am,SalmonGums,2967,0.0006740815638692282
temp_9am,Sale,3012,0.0006640106241699867
temp_9am,Bendigo,3046,0.0006565988181221273
temp_9am,Brisbane,3173,0.0006303183107469272
temp_9am,Woomera,3002,0.00033311125916055963
temp_9am,SydneyAirport,3017,0.00033145508783559825
temp_9am,Mildura,3019,0.0003312355084465055
temp_9am,MountGambier,3042,0.0003287310979618672
temp_9am,Hobart,3200,0.0003125
temp_9am,AliceSprings,3043,0.0
temp_9am,Cairns,3000,0.0
temp_9am,Darwin,3204,0.0
temp_9am,GoldCoast,2992,0.0
temp_9am,MelbourneAirport,3021,0.0
temp_9am,Moree,2866,0.0
temp_9am,Nhil,1581,0.0
temp_9am,Perth,3205,0.0
temp_9am,PerthAirport,3021,0.0
temp_9am,Townsville,3045,0.0
temp_9am,WaggaWagga,2988,0.0
wind_dir_3pm,Newcastle,2967,0.4186046511627907
wind_dir_3pm,Albany,3028,0.2533025099075297
wind_dir_3pm,CoffsHarbour,2965,0.0866779089376054
wind_dir_3pm,Canberra,3430,0.06647230320699708
wind_dir_3pm,MountGinini,2919,0.06029462144570058
wind_dir_3pm,Richmond,2963,0.03408707391157611
wind_dir_3pm,BadgerysCreek,2940,0.02040816326530612
wind_dir_3pm,Penrith,2976,0.020161290322580645
wind_dir_3pm,Walpole,2831,0.019780996114447193
wind_dir_3pm,Moree,2866,0.01779483600837404
wind_dir_3pm,Uluru,1533,0.01761252446183953
wind_dir_3pm,Launceston,3040,0.017434210526315788
wind_dir_3pm,SalmonGums,2967,0.015166835187057633
wind_dir_3pm,Tuggeranong,3010,0.014617940199335547
wind_dir_3pm,Albury,3023,0.013893483294740324
wind_dir_3pm,Bendigo,3046,0.013788575180564675
wind_dir_3pm,Dartmoor,2955,0.011844331641285956
wind_dir_3pm,Watsonia,3011,0.011624045167718366
wind_dir_3pm,Katherine,1571,0.011457670273711012
wind_dir_3pm,GoldCoast,2992,0.011029411764705883
wind_dir_3pm,Nuriootpa,3014,0.010948905109489052
wind_dir_3pm,NorahHead,2941,0.00986059163549813
wind_dir_3pm,Sydney,3349,0.009853687667960586
wind_dir_3pm,Wollongong,2995,0.009682804674457429
wind_dir_3pm,PearceRAAF,2774,0.008651766402307137
wind_dir_3pm,Brisbane,3173,0.008509297195083518
wind_dir_3pm,Witchcliffe,2964,0.006072874493927126
wind_dir_3pm,Woomera,3002,0.005996002664890073
wind_dir_3pm,Hobart,3200,0.0059375
wind_dir_3pm,MountGambier,3042,0.005917159763313609
wind_dir_3pm,Williamtown,2565,0.005847953216374269
wind_dir_3pm,Sale,3012,0.005312084993359893
wind_dir_3pm,Ballarat,3040,0.005263157894736842
wind_dir_3pm,WaggaWagga,2988,0.0050200803212851405
wind_dir_3pm,Adelaide,3102,0.004835589941972921
wind_dir_3pm,Cobar,3000,0.004666666666666667
wind_dir_3pm,Melbourne,2447,0.004495300367797303
wind_dir_3pm,MelbourneAirport,3021,0.004303210857332009
wind_dir_3pm,Mildura,3019,0.0029811195760185492
wind_dir_3pm,Perth,3205,0.00218408736349454
wind_dir_3pm,NorfolkIsland,2976,0.0016801075268817205
wind_dir_3pm,Portland,3008,0.0016622340425531915
wind_dir_3pm,Cairns,3000,0.0013333333333333333
wind_dir_3pm,SydneyAirport,3017,0.001325820351342393
wind_dir_3pm,AliceSprings,3043,0.0013144922773578706
wind_dir_3pm,Darwin,3204,0.0009363295880149813
wind_dir_3pm,PerthAirport,3021,0.00033101621979476995
wind_dir_3pm,Townsville,3045,0.0003284072249589491
wind_dir_3pm,Nhil,1581,0.0
wind_dir_9am,Newcastle,2967,0.4563532187394675
wind_dir_9am,Richmond,2963,0.27775902801214986
wind_dir_9am,Tuggeranong,3010,0.2106312292358804
wind_dir_9am,Penrith,2976,0.17876344086021506
wind_dir_9am,Albury,3023,0.1710221634138273
wind_dir_9am,Dartmoor,2955,0.17089678510998307
wind_dir_9am,Canberra,3430,0.15626822157434403
wind_dir_9am,Launceston,3040,0.15
wind_dir_9am,BadgerysCreek,2940,0.13435374149659865
wind_dir_9am,CoffsHarbour,2965,0.1015177065767285
wind_dir_9am,Walpole,2831,0.0861886259272342
wind_dir_9am,Adelaide,3102,0.08349451966473243
wind_dir_9am,Witchcliffe,2964,0.08333333333333333
wind_dir_9am,Albany,3028,0.08058124174372523
wind_dir_9am,Bendigo,3046,0.07977675640183848
wind_dir_9am,AliceSprings,3043,0.07558330594807755
wind_dir_9am,MountGinini,2919,0.06748886605001712
wind_dir_9am,Watsonia,3011,0.06276984390567918
wind_dir_9am,Nuriootpa,3014,0.04744525547445255
wind_dir_9am,Perth,3205,0.04180967238689547
wind_dir_9am,Townsville,3045,0.04039408866995074
wind_dir_9am,WaggaWagga,2988,0.039491298527443104
wind_dir_9am,Wollongong,2995,0.03939899833055092
wind_dir_9am,Moree,2866,0.0366364270760642
wind_dir_9am,Uluru,1533,0.03587736464448793
wind_dir_9am,Mildura,3019,0.030473666777078502
wind_dir_9am,Ballarat,3040,0.02993421052631579
wind_dir_9am,PearceRAAF,2774,0.029920692141312183
wind_dir_9am,Williamtown,2565,0.02884990253411306
wind_dir_9am,NorahHead,2941,0.02856171370282217
wind_dir_9am,Nhil,1581,0.028462998102466792
wind_dir_9am,Sale,3012,0.026892430278884463
wind_dir_9am,MountGambier,3042,0.026627218934911243
wind_dir_9am,Katherine,1571,0.025461489497135583
wind_dir_9am,Portland,3008,0.02327127659574468
wind_dir_9am,SalmonGums,2967,0.021907650825749917
wind_dir_9am,Brisbane,3173,0.021745981720768987
wind_dir_9am,GoldCoast,2992,0.019719251336898395
wind_dir_9am,Sydney,3349,0.016721409375933114
wind_dir_9am,Melbourne,2447,0.015529219452390683
wind_dir_9am,Cairns,3000,0.014
wind_dir_9am,MelbourneAirport,3021,0.013240648791790799
wind_dir_9am,PerthAirport,3021,0.013240648791790799
wind_dir_9am,Hobart,3200,0.0128125
wind_dir_9am,NorfolkIsland,2976,0.010416666666666666
wind_dir_9am,Woomera,3002,0.009660226515656229
wind_dir_9am,Darwin,3204,0.008739076154806492
wind_dir_9am,Cobar,3000,0.008
wind_dir_9am,SydneyAirport,3017,0.002651640702684786
wind_gust_dir,Albany,3028,0.9960369881109643
wind_gust_dir,Newcastle,2967,0.9959555106167847
wind_gust_dir,Sydney,3349,0.3093460734547626
wind_gust_dir,CoffsHarbour,2965,0.10556492411467117
wind_gust_dir,Canberra,3430,0.09591836734693877
wind_gust_dir,MountGinini,2919,0.065775950668037
wind_gust_dir,Williamtown,2565,0.0456140350877193
wind_gust_dir,Sale,3012,0.04448871181938911
wind_gust_dir,PearceRAAF,2774,0.039293439077144915
wind_gust_dir,GoldCoast,2992,0.028409090909090908
wind_gust_dir,Moree,2866,0.025471039776692253
wind_gust_dir,Walpole,2831,0.02260685270222536
wind_gust_dir,Katherine,1571,0.01782304264799491
wind_gust_dir,Uluru,1533,0.016960208741030658
wind_gust_dir,SydneyAirport,3017,0.01690420947961551
wind_gust_dir,AliceSprings,3043,0.01643115346697338
wind_gust_dir,SalmonGums,2967,0.015503875968992248
wind_gust_dir,PerthAirport,3021,0.015226746110559417
wind_gust_dir,Nuriootpa,3014,0.014930325149303252
wind_gust_dir,MountGambier,3042,0.014464168310322156
wind_gust_dir,NorfolkIsland,2976,0.014448924731182795
wind_gust_dir,Darwin,3204,0.014044943820224719
wind_gust_dir,Cobar,3000,0.012666666666666666
wind_gust_dir,Woomera,3002,0.012658227848101266
wind_gust_dir,Bendigo,3046,0.011818778726198293
wind_gust_dir,Watsonia,3011,0.010627698439056792
wind_gust_dir,Launceston,3040,0.009868421052631578
wind_gust_dir,WaggaWagga,2988,0.009370816599732263
wind_gust_dir,Portland,3008,0.007978723404255319
wind_gust_dir,Ballarat,3040,0.007894736842105263
wind_gust_dir,Adelaide,3102,0.007414571244358479
wind_gust_dir,Townsville,3045,0.00722495894909688
wind_gust_dir,Cairns,3000,0.006
wind_gust_dir,Hobart,3200,0.0059375
wind_gust_dir,Richmond,2963,0.005737428282146473
wind_gust_dir,Melbourne,2447,0.005721291377196567
wind_gust_dir,BadgerysCreek,2940,0.005442176870748299
wind_gust_dir,Witchcliffe,2964,0.005060728744939271
wind_gust_dir,MelbourneAirport,3021,0.004965243296921549
wind_gust_dir,Brisbane,3173,0.004727387330601954
wind_gust_dir,Tuggeranong,3010,0.004318936877076412
wind_gust_dir,Wollongong,2995,0.00333889816360601
wind_gust_dir,Albury,3023,0.0033079722130334105
wind_gust_dir,Penrith,2976,0.0023521505376344087
wind_gust_dir,Perth,3205,0.0015600624024961
wind_gust_dir,NorahHead,2941,0.0013600816048962938
wind_gust_dir,Dartmoor,2955,0.0013536379018612521
wind_gust_dir,Mildura,3019,0.001324942033786022
wind_gust_dir,Nhil,1581,0.001265022137887413
wind_gust_speed,Albany,3028,0.9960369881109643
wind_gust_speed,Newcastle,2967,0.9959555106167847
wind_gust_speed,Sydney,3349,0.3093460734547626
wind_gust_speed,CoffsHarbour,2965,0.10556492411467117
wind_gust_speed,Canberra,3430,0.09533527696793002
wind_gust_speed,MountGinini,2919,0.065775950668037
wind_gust_speed,Williamtown,2565,0.0456140350877193
wind_gust_speed,Sale,3012,0.04448871181938911
wind_gust_speed,PearceRAAF,2774,0.039293439077144915
wind_gust_speed,GoldCoast,2992,0.028409090909090908
wind_gust_speed,Moree,2866,0.02512212142358688
wind_gust_speed,Katherine,1571,0.01782304264799491
wind_gust_speed,Uluru,1533,0.016960208741030658
wind_gust_speed,SydneyAirport,3017,0.01690420947961551
wind_gust_speed,AliceSprings,3043,0.01643115346697338
wind_gust_speed,SalmonGums,2967,0.015503875968992248
wind_gust_speed,PerthAirport,3021,0.015226746110559417
wind_gust_speed,MountGambier,3042,0.01413543721236029
wind_gust_speed,NorfolkIsland,2976,0.014112903225806451
wind_gust_speed,Darwin,3204,0.012796504369538077
wind_gust_speed,Cobar,3000,0.012666666666666666
wind_gust_speed,Woomera,3002,0.012658227848101266
wind_gust_speed,Walpole,2831,0.011656658424584953
wind_gust_speed,Bendigo,3046,0.01149047931713723
wind_gust_speed,Watsonia,3011,0.010627698439056792
wind_gust_speed,Nuriootpa,3014,0.01028533510285335
wind_gust_speed,Launceston,3040,0.009539473684210526
wind_gust_speed,WaggaWagga,2988,0.009370816599732263
wind_gust_speed,Portland,3008,0.007978723404255319
wind_gust_speed,Ballarat,3040,0.007894736842105263
wind_gust_speed,Adelaide,3102,0.007414571244358479
wind_gust_speed,Townsville,3045,0.00722495894909688
wind_gust_speed,Hobart,3200,0.0059375
wind_gust_speed,Melbourne,2447,0.005721291377196567
wind_gust_speed,Cairns,3000,0.005666666666666667
wind_gust_speed,BadgerysCreek,2940,0.005442176870748299
wind_gust_speed,Richmond,2963,0.005062436719541006
wind_gust_speed,MelbourneAirport,3021,0.004965243296921549
wind_gust_speed,Brisbane,3173,0.004727387330601954
wind_gust_speed,Witchcliffe,2964,0.004723346828609987
wind_gust_speed,Tuggeranong,3010,0.004318936877076412
wind_gust_speed,Wollongong,2995,0.00333889816360601
wind_gust_speed,Albury,3023,0.0033079722130334105
wind_gust_speed,Penrith,2976,0.0023521505376344087
wind_gust_speed,Perth,3205,0.0015600624024961
wind_gust_speed,NorahHead,2941,0.0013600816048962938
wind_gust_speed,Dartmoor,2955,0.0013536379018612521
wind_gust_speed,Mildura,3019,0.001324942033786022
wind_gust_speed,Nhil,1581,0.001265022137887413
wind_speed_3pm,Newcastle,2967,0.2949106841927873
wind_speed_3pm,Albany,3028,0.23678996036988112
wind_speed_3pm,CoffsHarbour,2965,0.08397976391231028
wind_speed_3pm,Canberra,3430,0.06501457725947522
wind_speed_3pm,MountGinini,2919,0.05515587529976019
wind_speed_3pm,Uluru,1533,0.015655577299412915
wind_speed_3pm,Moree,2866,0.013258897418004187
wind_speed_3pm,SalmonGums,2967,0.01247050893158072
wind_speed_3pm,GoldCoast,2992,0.009692513368983958
wind_speed_3pm,Nuriootpa,3014,0.00829462508294625
wind_speed_3pm,PearceRAAF,2774,0.00829127613554434
wind_speed_3pm,Richmond,2963,0.00809989875126561
wind_speed_3pm,BadgerysCreek,2940,0.007823129251700681
wind_speed_3pm,Sydney,3349,0.0074649148999701405
wind_speed_3pm,Wollongong,2995,0.006010016694490818
wind_speed_3pm,Tuggeranong,3010,0.005647840531561462
wind_speed_3pm,NorahHead,2941,0.0047602856171370285
wind_speed_3pm,Katherine,1571,0.0038192234245703373
wind_speed_3pm,Penrith,2976,0.003696236559139785
wind_speed_3pm,Cobar,3000,0.0036666666666666666
wind_speed_3pm,MountGambier,3042,0.003287310979618672
wind_speed_3pm,Williamtown,2565,0.0027290448343079924
wind_speed_3pm,Launceston,3040,0.002631578947368421
wind_speed_3pm,Albury,3023,0.002315580549123387
wind_speed_3pm,Woomera,3002,0.001998667554963358
wind_speed_3pm,Walpole,2831,0.0017661603673613563
wind_speed_3pm,Sale,3012,0.0016600265604249668
wind_speed_3pm,Adelaide,3102,0.0016118633139909735
wind_speed_3pm,Ballarat,3040,0.000986842105263158
wind_speed_3pm,Bendigo,3046,0.000984898227183191
wind_speed_3pm,NorfolkIsland,2976,0.0006720430107526882
wind_speed_3pm,Portland,3008,0.0006648936170212766
wind_speed_3pm,AliceSprings,3043,0.0006572461386789353
wind_speed_3pm,Brisbane,3173,0.0006303183107469272
wind_speed_3pm,Darwin,3204,0.0006242197253433209
wind_speed_3pm,Dartmoor,2955,0.00033840947546531303
wind_speed_3pm,Witchcliffe,2964,0.00033738191632928474
wind_speed_3pm,WaggaWagga,2988,0.00033467202141900936
wind_speed_3pm,Cairns,3000,0.0003333333333333333
wind_speed_3pm,Watsonia,3011,0.00033211557622052476
wind_speed_3pm,SydneyAirport,3017,0.00033145508783559825
wind_speed_3pm,Mildura,3019,0.0003312355084465055
wind_speed_3pm,PerthAirport,3021,0.00033101621979476995
wind_speed_3pm,Townsville,3045,0.0003284072249589491
wind_speed_3pm,Hobart,3200,0.0003125
wind_speed_3pm,Perth,3205,0.00031201248049921997
wind_speed_3pm,Melbourne,2447,0.0
wind_speed_3pm,MelbourneAirport,3021,0.0
wind_speed_3pm,Nhil,1581,0.0
wind_speed_9am,CoffsHarbour,2965,0.08431703204047218
wind_speed_9am,Canberra,3430,0.06647230320699708
wind_speed_9am,Newcastle,2967,0.06538591169531513
wind_speed_9am,MountGinini,2919,0.05823912298732443
wind_speed_9am,Albany,3028,0.01915455746367239
wind_speed_9am,Uluru,1533,0.016960208741030658
wind_speed_9am,Moree,2866,0.01360781577110956
wind_speed_9am,SalmonGums,2967,0.012133468149646108
wind_speed_9am,GoldCoast,2992,0.011363636363636364
wind_speed_9am,Richmond,2963,0.010799865001687479
wind_speed_9am,Wollongong,2995,0.008681135225375626
wind_speed_9am,Penrith,2976,0.008064516129032258
wind_speed_9am,Sydney,3349,0.007763511495968946
wind_speed_9am,Tuggeranong,3010,0.007641196013289037
wind_speed_9am,BadgerysCreek,2940,0.007482993197278911
wind_speed_9am,Nuriootpa,3014,0.0063039150630391505
wind_speed_9am,PearceRAAF,2774,0.0061283345349675555
wind_speed_9am,Williamtown,2565,0.005847953216374269
wind_speed_9am,NorahHead,2941,0.005780346820809248
wind_speed_9am,Cobar,3000,0.004666666666666667
wind_speed_9am,NorfolkIsland,2976,0.002688172043010753
wind_speed_9am,Ballarat,3040,0.002631578947368421
wind_speed_9am,MountGambier,3042,0.0023011176857330702
wind_speed_9am,Walpole,2831,0.0021193924408336277
wind_speed_9am,Witchcliffe,2964,0.0016869095816464238
wind_speed_9am,Adelaide,3102,0.0016118633139909735
wind_speed_9am,Woomera,3002,0.0013324450366422385
wind_speed_9am,Albury,3023,0.0013231888852133643
wind_speed_9am,Dartmoor,2955,0.0010152284263959391
wind_speed_9am,Sale,3012,0.00099601593625498
wind_speed_9am,SydneyAirport,3017,0.0009943652635067948
wind_speed_9am,Launceston,3040,0.000986842105263158
wind_speed_9am,Bendigo,3046,0.000984898227183191
wind_speed_9am,Melbourne,2447,0.0008173273395995096
wind_speed_9am,Portland,3008,0.0006648936170212766
wind_speed_9am,Mildura,3019,0.000662471016893011
wind_speed_9am,PerthAirport,3021,0.0006620324395895399
wind_speed_9am,AliceSprings,3043,0.0006572461386789353
wind_speed_9am,Townsville,3045,0.0006568144499178982
wind_speed_9am,Katherine,1571,0.0006365372374283895
wind_speed_9am,Darwin,3204,0.0006242197253433209
wind_speed_9am,MelbourneAirport,3021,0.00033101621979476995
wind_speed_9am,Brisbane,3173,0.0
wind_speed_9am,Cairns,3000,0.0
wind_speed_9am,Hobart,3200,0.0
wind_speed_9am,Nhil,1581,0.0
wind_speed_9am,Perth,3205,0.0
wind_speed_9am,WaggaWagga,2988,0.0
wind_speed_9am,Watsonia,3011,0.0
